ucvitc@gmail.com|Abc@1234@123|Huongucvitc@yahoo.com|x||fb33@duoclieugacp.com|Zxcv1234@
rotenbergquidasdwvx4933@gmail.com|huy271198|malpasscarreiralfp9146@hotmail.com|x||fb33@duoclieugacp.com|Zxcv1234@
mahmoudihouda002@gmail.com|huy271198|NakeshaStiff@outlook.com|x|config
ucvitc@gmail.com|Abc@1234@123|Huongucvitc@yahoo.com
samsuahai@gmail.com|Samu7900|Huongsamsuahai@yahoo.com|
hcopoai@gmail|Paoi7543|Huonghcopoai@yahoo|
kibaocap@gmail|Kiba2154|Huongkibaocap@yahoo|
khieuduomt@gmail|Quop3289|Huongkhieuduomt@yahoo|
phoncosung536@gmail|Troi6484|Huongphoncosung536@yahoo|
nghienxitnghuc@gmail|Phen3213|Huongnghienxitnghuc@yahoo|